"id_societe","nom_societe","id_devis","nom_devis","id_client","nom_client","rue_adresse_client","rue2_adresse_client","ville_client","code_postal_client","id_etat_client","etat_client","id_pays_client","pays_client","id_commercial","nom_commercial","id_type_prestation","nom_type_prestation","id_produit","code_produit","nom_produit","description_ligne_devis","id_categorie_produit","nom_categorie_produit","code_status_devis","libelle_status_devis","date_creation","date_validation","montant_ht","montant_ttc"
1,"IT4Logs",89,"S00089",33,"Colleen Diaz","4557 De Silva St",NULL,"Fremont","94538",13,"California",233,"{""en_US"": ""United States"", ""fr_FR"": ""États-Unis""}",42,"Hugo Riviere",34,"Coordination et gestion de l'intégration",44,"CGL-5","Coordination et gestion de l'intégration","[CGL-5] Coordination et gestion de l'intégration",5,"Services","CONF","Confirmé","2025-03-20 19:26:45.837597","2025-03-20 19:26:46","3500.00","4200.00"
1,"IT4Logs",88,"S00088",33,"Colleen Diaz","4557 De Silva St",NULL,"Fremont","94538",13,"California",233,"{""en_US"": ""United States"", ""fr_FR"": ""États-Unis""}",42,"Hugo Riviere",33,"Développements spécifiques",43,"DS-4","Développements spécifiques","[DS-4] Développements spécifiques",5,"Services","CONF","Confirmé","2025-03-20 19:26:17.08628","2025-03-20 19:26:17","9000.00","10800.00"
1,"IT4Logs",87,"S00087",33,"Colleen Diaz","4557 De Silva St",NULL,"Fremont","94538",13,"California",233,"{""en_US"": ""United States"", ""fr_FR"": ""États-Unis""}",42,"Hugo Riviere",32,"Paramétrage du logiciel",42,"PDL-3","Paramétrage du logiciel","[PDL-3] Paramétrage du logiciel",5,"Services","CONF","Confirmé","2025-03-20 19:26:00.727944","2025-03-20 19:26:00","7500.00","9000.00"
1,"IT4Logs",86,"S00086",33,"Colleen Diaz","4557 De Silva St",NULL,"Fremont","94538",13,"California",233,"{""en_US"": ""United States"", ""fr_FR"": ""États-Unis""}",42,"Hugo Riviere",31,"Reprise de données",41,"RDD-2","Reprise de données","[RDD-2] Reprise de données",5,"Services","CONF","Confirmé","2025-03-20 19:25:39.91507","2025-03-20 19:25:40","5500.00","6600.00"
1,"IT4Logs",86,"S00086",33,"Colleen Diaz","4557 De Silva St",NULL,"Fremont","94538",13,"California",233,"{""en_US"": ""United States"", ""fr_FR"": ""États-Unis""}",42,"Hugo Riviere",31,"Reprise de données",41,"RDD-2","Reprise de données","[RDD-2] Reprise de données",5,"Services","CONF","Confirmé","2025-03-20 19:25:39.91507","2025-03-20 19:25:40","5500.00","6600.00"
1,"IT4Logs",85,"S00085",33,"Colleen Diaz","4557 De Silva St",NULL,"Fremont","94538",13,"California",233,"{""en_US"": ""United States"", ""fr_FR"": ""États-Unis""}",42,"Hugo Riviere",30,"Déploiement logiciel",40,"DPL-1","Déploiement logiciel","[DPL-1] Déploiement logiciel",5,"Services","CONF","Confirmé","2025-03-20 19:25:02.348045","2025-03-20 19:25:02","600.00","720.00"
1,"IT4Logs",84,"S00084",26,"Brandon Freeman","4557 De Silva St",NULL,"Fremont","94538",13,"California",233,"{""en_US"": ""United States"", ""fr_FR"": ""États-Unis""}",44,"Gaspard Collet",34,"Coordination et gestion de l'intégration",44,"CGL-5","Coordination et gestion de l'intégration","[CGL-5] Coordination et gestion de l'intégration",5,"Services","CONF","Confirmé","2025-03-20 19:24:19.006877","2025-03-20 19:24:19","4200.00","5040.00"
1,"IT4Logs",83,"S00083",26,"Brandon Freeman","4557 De Silva St",NULL,"Fremont","94538",13,"California",233,"{""en_US"": ""United States"", ""fr_FR"": ""États-Unis""}",44,"Gaspard Collet",33,"Développements spécifiques",43,"DS-4","Développements spécifiques","[DS-4] Développements spécifiques",5,"Services","CONF","Confirmé","2025-03-20 19:23:56.712823","2025-03-20 19:23:56","10000.00","12000.00"
1,"IT4Logs",82,"S00082",26,"Brandon Freeman","4557 De Silva St",NULL,"Fremont","94538",13,"California",233,"{""en_US"": ""United States"", ""fr_FR"": ""États-Unis""}",44,"Gaspard Collet",32,"Paramétrage du logiciel",42,"PDL-3","Paramétrage du logiciel","[PDL-3] Paramétrage du logiciel",5,"Services","CONF","Confirmé","2025-03-20 19:23:34.15708","2025-03-20 19:23:34","12500.00","15000.00"
1,"IT4Logs",81,"S00081",26,"Brandon Freeman","4557 De Silva St",NULL,"Fremont","94538",13,"California",233,"{""en_US"": ""United States"", ""fr_FR"": ""États-Unis""}",44,"Gaspard Collet",31,"Reprise de données",41,"RDD-2","Reprise de données","[RDD-2] Reprise de données",5,"Services","CONF","Confirmé","2025-03-20 19:23:10.689253","2025-03-20 19:23:10","4400.00","5280.00"
1,"IT4Logs",81,"S00081",26,"Brandon Freeman","4557 De Silva St",NULL,"Fremont","94538",13,"California",233,"{""en_US"": ""United States"", ""fr_FR"": ""États-Unis""}",44,"Gaspard Collet",31,"Reprise de données",41,"RDD-2","Reprise de données","[RDD-2] Reprise de données",5,"Services","CONF","Confirmé","2025-03-20 19:23:10.689253","2025-03-20 19:23:10","2750.00","3300.00"
1,"IT4Logs",80,"S00080",26,"Brandon Freeman","4557 De Silva St",NULL,"Fremont","94538",13,"California",233,"{""en_US"": ""United States"", ""fr_FR"": ""États-Unis""}",44,"Gaspard Collet",30,"Déploiement logiciel",40,"DPL-1","Déploiement logiciel","[DPL-1] Déploiement logiciel",5,"Services","CONF","Confirmé","2025-03-20 19:22:35.421956","2025-03-20 19:22:35","600.00","720.00"
1,"IT4Logs",79,"S00079",9,"Wood Corner","1839 Arbor Way",NULL,"Turlock","95380",13,"California",233,"{""en_US"": ""United States"", ""fr_FR"": ""États-Unis""}",43,"John Michel",34,"Coordination et gestion de l'intégration",44,"CGL-5","Coordination et gestion de l'intégration","[CGL-5] Coordination et gestion de l'intégration",5,"Services","CONF","Confirmé","2025-03-20 19:21:28.737651","2025-03-20 19:21:28","30000.00","36000.00"
1,"IT4Logs",78,"S00078",9,"Wood Corner","1839 Arbor Way",NULL,"Turlock","95380",13,"California",233,"{""en_US"": ""United States"", ""fr_FR"": ""États-Unis""}",43,"John Michel",33,"Développements spécifiques",43,"DS-4","Développements spécifiques","[DS-4] Développements spécifiques",5,"Services","CONF","Confirmé","2025-03-20 19:20:48.481491","2025-03-20 19:20:48","54000.00","64800.00"
1,"IT4Logs",78,"S00078",9,"Wood Corner","1839 Arbor Way",NULL,"Turlock","95380",13,"California",233,"{""en_US"": ""United States"", ""fr_FR"": ""États-Unis""}",43,"John Michel",33,"Développements spécifiques",43,"DS-4","Développements spécifiques","[DS-4] Développements spécifiques",5,"Services","CONF","Confirmé","2025-03-20 19:20:48.481491","2025-03-20 19:20:48","45000.00","54000.00"
1,"IT4Logs",78,"S00078",9,"Wood Corner","1839 Arbor Way",NULL,"Turlock","95380",13,"California",233,"{""en_US"": ""United States"", ""fr_FR"": ""États-Unis""}",43,"John Michel",33,"Développements spécifiques",43,"DS-4","Développements spécifiques","[DS-4] Développements spécifiques",5,"Services","CONF","Confirmé","2025-03-20 19:20:48.481491","2025-03-20 19:20:48","45000.00","54000.00"
1,"IT4Logs",77,"S00077",9,"Wood Corner","1839 Arbor Way",NULL,"Turlock","95380",13,"California",233,"{""en_US"": ""United States"", ""fr_FR"": ""États-Unis""}",43,"John Michel",32,"Paramétrage du logiciel",42,"PDL-3","Paramétrage du logiciel","[PDL-3] Paramétrage du logiciel",5,"Services","CONF","Confirmé","2025-03-20 19:20:05.100249","2025-03-20 19:20:05","750.00","900.00"
1,"IT4Logs",77,"S00077",9,"Wood Corner","1839 Arbor Way",NULL,"Turlock","95380",13,"California",233,"{""en_US"": ""United States"", ""fr_FR"": ""États-Unis""}",43,"John Michel",32,"Paramétrage du logiciel",42,"PDL-3","Paramétrage du logiciel","[PDL-3] Paramétrage du logiciel",5,"Services","CONF","Confirmé","2025-03-20 19:20:05.100249","2025-03-20 19:20:05","56250.00","67500.00"
1,"IT4Logs",77,"S00077",9,"Wood Corner","1839 Arbor Way",NULL,"Turlock","95380",13,"California",233,"{""en_US"": ""United States"", ""fr_FR"": ""États-Unis""}",43,"John Michel",32,"Paramétrage du logiciel",42,"PDL-3","Paramétrage du logiciel","[PDL-3] Paramétrage du logiciel",5,"Services","CONF","Confirmé","2025-03-20 19:20:05.100249","2025-03-20 19:20:05","22500.00","27000.00"
1,"IT4Logs",77,"S00077",9,"Wood Corner","1839 Arbor Way",NULL,"Turlock","95380",13,"California",233,"{""en_US"": ""United States"", ""fr_FR"": ""États-Unis""}",43,"John Michel",32,"Paramétrage du logiciel",42,"PDL-3","Paramétrage du logiciel","[PDL-3] Paramétrage du logiciel",5,"Services","CONF","Confirmé","2025-03-20 19:20:05.100249","2025-03-20 19:20:05","56250.00","67500.00"
1,"IT4Logs",77,"S00077",9,"Wood Corner","1839 Arbor Way",NULL,"Turlock","95380",13,"California",233,"{""en_US"": ""United States"", ""fr_FR"": ""États-Unis""}",43,"John Michel",32,"Paramétrage du logiciel",42,"PDL-3","Paramétrage du logiciel","[PDL-3] Paramétrage du logiciel",5,"Services","CONF","Confirmé","2025-03-20 19:20:05.100249","2025-03-20 19:20:05","56250.00","67500.00"
1,"IT4Logs",77,"S00077",9,"Wood Corner","1839 Arbor Way",NULL,"Turlock","95380",13,"California",233,"{""en_US"": ""United States"", ""fr_FR"": ""États-Unis""}",43,"John Michel",32,"Paramétrage du logiciel",42,"PDL-3","Paramétrage du logiciel","[PDL-3] Paramétrage du logiciel",5,"Services","CONF","Confirmé","2025-03-20 19:20:05.100249","2025-03-20 19:20:05","56250.00","67500.00"
1,"IT4Logs",76,"S00076",9,"Wood Corner","1839 Arbor Way",NULL,"Turlock","95380",13,"California",233,"{""en_US"": ""United States"", ""fr_FR"": ""États-Unis""}",43,"John Michel",31,"Reprise de données",41,"RDD-2","Reprise de données","[RDD-2] Reprise de données",5,"Services","CONF","Confirmé","2025-03-20 19:19:04.565972","2025-03-20 19:19:04","16000.00","19200.00"
1,"IT4Logs",76,"S00076",9,"Wood Corner","1839 Arbor Way",NULL,"Turlock","95380",13,"California",233,"{""en_US"": ""United States"", ""fr_FR"": ""États-Unis""}",43,"John Michel",31,"Reprise de données",41,"RDD-2","Reprise de données","[RDD-2] Reprise de données",5,"Services","CONF","Confirmé","2025-03-20 19:19:04.565972","2025-03-20 19:19:04","20000.00","24000.00"
1,"IT4Logs",76,"S00076",9,"Wood Corner","1839 Arbor Way",NULL,"Turlock","95380",13,"California",233,"{""en_US"": ""United States"", ""fr_FR"": ""États-Unis""}",43,"John Michel",31,"Reprise de données",41,"RDD-2","Reprise de données","[RDD-2] Reprise de données",5,"Services","CONF","Confirmé","2025-03-20 19:19:04.565972","2025-03-20 19:19:04","20000.00","24000.00"
1,"IT4Logs",76,"S00076",9,"Wood Corner","1839 Arbor Way",NULL,"Turlock","95380",13,"California",233,"{""en_US"": ""United States"", ""fr_FR"": ""États-Unis""}",43,"John Michel",31,"Reprise de données",41,"RDD-2","Reprise de données","[RDD-2] Reprise de données",5,"Services","CONF","Confirmé","2025-03-20 19:19:04.565972","2025-03-20 19:19:04","16000.00","19200.00"
1,"IT4Logs",76,"S00076",9,"Wood Corner","1839 Arbor Way",NULL,"Turlock","95380",13,"California",233,"{""en_US"": ""United States"", ""fr_FR"": ""États-Unis""}",43,"John Michel",31,"Reprise de données",41,"RDD-2","Reprise de données","[RDD-2] Reprise de données",5,"Services","CONF","Confirmé","2025-03-20 19:19:04.565972","2025-03-20 19:19:04","16000.00","19200.00"
1,"IT4Logs",75,"S00075",9,"Wood Corner","1839 Arbor Way",NULL,"Turlock","95380",13,"California",233,"{""en_US"": ""United States"", ""fr_FR"": ""États-Unis""}",43,"John Michel",30,"Déploiement logiciel",40,"DPL-1","Déploiement logiciel","[DPL-1] Déploiement logiciel",5,"Services","CONF","Confirmé","2025-03-20 19:18:14.838824","2025-03-20 19:18:15","4000.00","4800.00"
1,"IT4Logs",75,"S00075",9,"Wood Corner","1839 Arbor Way",NULL,"Turlock","95380",13,"California",233,"{""en_US"": ""United States"", ""fr_FR"": ""États-Unis""}",43,"John Michel",30,"Déploiement logiciel",40,"DPL-1","Déploiement logiciel","[DPL-1] Déploiement logiciel",5,"Services","CONF","Confirmé","2025-03-20 19:18:14.838824","2025-03-20 19:18:15","1600.00","1920.00"
1,"IT4Logs",75,"S00075",9,"Wood Corner","1839 Arbor Way",NULL,"Turlock","95380",13,"California",233,"{""en_US"": ""United States"", ""fr_FR"": ""États-Unis""}",43,"John Michel",30,"Déploiement logiciel",40,"DPL-1","Déploiement logiciel","[DPL-1] Déploiement logiciel",5,"Services","CONF","Confirmé","2025-03-20 19:18:14.838824","2025-03-20 19:18:15","4000.00","4800.00"
1,"IT4Logs",74,"S00074",9,"Wood Corner","1839 Arbor Way",NULL,"Turlock","95380",13,"California",233,"{""en_US"": ""United States"", ""fr_FR"": ""États-Unis""}",43,"John Michel",35,"Licence annuelle du logiciel",45,"LAL-6","Licence annuelle du logiciel","[LAL-6] Licence annuelle du logiciel",5,"Services","CONF","Confirmé","2025-03-19 21:40:07.613995","2025-03-19 21:40:07","54000.00","64800.00"
1,"IT4Logs",73,"S00073",10,"Deco Addict","77 Santa Barbara Rd",NULL,"Pleasant Hill","94523",13,"California",233,"{""en_US"": ""United States"", ""fr_FR"": ""États-Unis""}",43,"John Michel",35,"Licence annuelle du logiciel",45,"LAL-6","Licence annuelle du logiciel","[LAL-6] Licence annuelle du logiciel",5,"Services","CONF","Confirmé","2025-03-19 21:39:35.276239","2025-03-19 21:39:35","23520.00","28224.00"
1,"IT4Logs",72,"S00072",14,"Azure Interior","4557 De Silva St",NULL,"Fremont","94538",13,"California",233,"{""en_US"": ""United States"", ""fr_FR"": ""États-Unis""}",43,"John Michel",35,"Licence annuelle du logiciel",45,"LAL-6","Licence annuelle du logiciel","[LAL-6] Licence annuelle du logiciel",5,"Services","CONF","Confirmé","2025-03-19 21:39:06.505215","2025-03-19 21:39:06","3000.00","3600.00"
1,"IT4Logs",71,"S00071",9,"Wood Corner","1839 Arbor Way",NULL,"Turlock","95380",13,"California",233,"{""en_US"": ""United States"", ""fr_FR"": ""États-Unis""}",44,"Gaspard Collet",35,"Licence annuelle du logiciel",45,"LAL-6","Licence annuelle du logiciel","[LAL-6] Licence annuelle du logiciel",5,"Services","CONF","Confirmé","2025-03-19 21:33:07.020017","2025-03-19 21:33:07","90000.00","108000.00"
1,"IT4Logs",70,"S00070",10,"Deco Addict","77 Santa Barbara Rd",NULL,"Pleasant Hill","94523",13,"California",233,"{""en_US"": ""United States"", ""fr_FR"": ""États-Unis""}",44,"Gaspard Collet",35,"Licence annuelle du logiciel",45,"LAL-6","Licence annuelle du logiciel","[LAL-6] Licence annuelle du logiciel",5,"Services","CONF","Confirmé","2025-03-19 21:32:23.470731","2025-03-19 21:32:23","21600.00","25920.00"
1,"IT4Logs",69,"S00069",14,"Azure Interior","4557 De Silva St",NULL,"Fremont","94538",13,"California",233,"{""en_US"": ""United States"", ""fr_FR"": ""États-Unis""}",44,"Gaspard Collet",35,"Licence annuelle du logiciel",45,"LAL-6","Licence annuelle du logiciel","[LAL-6] Licence annuelle du logiciel",5,"Services","CONF","Confirmé","2025-03-19 21:31:50.515195","2025-03-19 21:31:50","4800.00","5760.00"
1,"IT4Logs",68,"S00068",9,"Wood Corner","1839 Arbor Way",NULL,"Turlock","95380",13,"California",233,"{""en_US"": ""United States"", ""fr_FR"": ""États-Unis""}",42,"Hugo Riviere",35,"Licence annuelle du logiciel",45,"LAL-6","Licence annuelle du logiciel","[LAL-6] Licence annuelle du logiciel",5,"Services","CONF","Confirmé","2025-03-19 21:30:50.527051","2025-03-19 21:30:50","36000.00","43200.00"
1,"IT4Logs",67,"S00067",10,"Deco Addict","77 Santa Barbara Rd",NULL,"Pleasant Hill","94523",13,"California",233,"{""en_US"": ""United States"", ""fr_FR"": ""États-Unis""}",42,"Hugo Riviere",35,"Licence annuelle du logiciel",45,"LAL-6","Licence annuelle du logiciel","[LAL-6] Licence annuelle du logiciel",5,"Services","CONF","Confirmé","2025-03-19 21:30:13.693213","2025-03-19 21:30:13","23040.00","27648.00"
1,"IT4Logs",66,"S00066",14,"Azure Interior","4557 De Silva St",NULL,"Fremont","94538",13,"California",233,"{""en_US"": ""United States"", ""fr_FR"": ""États-Unis""}",42,"Hugo Riviere",35,"Licence annuelle du logiciel",45,"LAL-6","Licence annuelle du logiciel","[LAL-6] Licence annuelle du logiciel",5,"Services","CONF","Confirmé","2025-03-19 21:29:37.687701","2025-03-19 21:29:37","6000.00","7200.00"
1,"IT4Logs",65,"S00065",10,"Deco Addict","77 Santa Barbara Rd",NULL,"Pleasant Hill","94523",13,"California",233,"{""en_US"": ""United States"", ""fr_FR"": ""États-Unis""}",42,"Hugo Riviere",34,"Coordination et gestion de l'intégration",44,"CGL-5","Coordination et gestion de l'intégration","[CGL-5] Coordination et gestion de l'intégration",5,"Services","CONF","Confirmé","2025-03-19 21:24:30.354796","2025-03-19 21:24:30","12750.00","15300.00"
1,"IT4Logs",64,"S00064",10,"Deco Addict","77 Santa Barbara Rd",NULL,"Pleasant Hill","94523",13,"California",233,"{""en_US"": ""United States"", ""fr_FR"": ""États-Unis""}",42,"Hugo Riviere",33,"Développements spécifiques",43,"DS-4","Développements spécifiques","[DS-4] Développements spécifiques",5,"Services","CONF","Confirmé","2025-03-19 21:23:53.379962","2025-03-19 21:23:53","10200.00","12240.00"
1,"IT4Logs",64,"S00064",10,"Deco Addict","77 Santa Barbara Rd",NULL,"Pleasant Hill","94523",13,"California",233,"{""en_US"": ""United States"", ""fr_FR"": ""États-Unis""}",42,"Hugo Riviere",33,"Développements spécifiques",43,"DS-4","Développements spécifiques","[DS-4] Développements spécifiques",5,"Services","CONF","Confirmé","2025-03-19 21:23:53.379962","2025-03-19 21:23:53","12000.00","14400.00"
1,"IT4Logs",63,"S00063",10,"Deco Addict","77 Santa Barbara Rd",NULL,"Pleasant Hill","94523",13,"California",233,"{""en_US"": ""United States"", ""fr_FR"": ""États-Unis""}",42,"Hugo Riviere",32,"Paramétrage du logiciel",42,"PDL-3","Paramétrage du logiciel","[PDL-3] Paramétrage du logiciel",5,"Services","CONF","Confirmé","2025-03-19 21:23:21.876496","2025-03-19 21:23:22","15000.00","18000.00"
1,"IT4Logs",63,"S00063",10,"Deco Addict","77 Santa Barbara Rd",NULL,"Pleasant Hill","94523",13,"California",233,"{""en_US"": ""United States"", ""fr_FR"": ""États-Unis""}",42,"Hugo Riviere",32,"Paramétrage du logiciel",42,"PDL-3","Paramétrage du logiciel","[PDL-3] Paramétrage du logiciel",5,"Services","CONF","Confirmé","2025-03-19 21:23:21.876496","2025-03-19 21:23:22","24000.00","28800.00"
1,"IT4Logs",62,"S00062",10,"Deco Addict","77 Santa Barbara Rd",NULL,"Pleasant Hill","94523",13,"California",233,"{""en_US"": ""United States"", ""fr_FR"": ""États-Unis""}",42,"Hugo Riviere",31,"Reprise de données",41,"RDD-2","Reprise de données","[RDD-2] Reprise de données",5,"Services","CONF","Confirmé","2025-03-19 21:22:43.717182","2025-03-19 21:22:43","9750.00","11700.00"
1,"IT4Logs",62,"S00062",10,"Deco Addict","77 Santa Barbara Rd",NULL,"Pleasant Hill","94523",13,"California",233,"{""en_US"": ""United States"", ""fr_FR"": ""États-Unis""}",42,"Hugo Riviere",31,"Reprise de données",41,"RDD-2","Reprise de données","[RDD-2] Reprise de données",5,"Services","CONF","Confirmé","2025-03-19 21:22:43.717182","2025-03-19 21:22:43","6500.00","7800.00"
1,"IT4Logs",62,"S00062",10,"Deco Addict","77 Santa Barbara Rd",NULL,"Pleasant Hill","94523",13,"California",233,"{""en_US"": ""United States"", ""fr_FR"": ""États-Unis""}",42,"Hugo Riviere",31,"Reprise de données",41,"RDD-2","Reprise de données","[RDD-2] Reprise de données",5,"Services","CONF","Confirmé","2025-03-19 21:22:43.717182","2025-03-19 21:22:43","7800.00","9360.00"
1,"IT4Logs",61,"S00061",10,"Deco Addict","77 Santa Barbara Rd",NULL,"Pleasant Hill","94523",13,"California",233,"{""en_US"": ""United States"", ""fr_FR"": ""États-Unis""}",42,"Hugo Riviere",30,"Déploiement logiciel",40,"DPL-1","Déploiement logiciel","[DPL-1] Déploiement logiciel",5,"Services","CONF","Confirmé","2025-03-19 21:22:12.36509","2025-03-19 21:22:12","1400.00","1680.00"
1,"IT4Logs",61,"S00061",10,"Deco Addict","77 Santa Barbara Rd",NULL,"Pleasant Hill","94523",13,"California",233,"{""en_US"": ""United States"", ""fr_FR"": ""États-Unis""}",42,"Hugo Riviere",30,"Déploiement logiciel",40,"DPL-1","Déploiement logiciel","[DPL-1] Déploiement logiciel",5,"Services","CONF","Confirmé","2025-03-19 21:22:12.36509","2025-03-19 21:22:12","2100.00","2520.00"
1,"IT4Logs",60,"S00060",10,"Deco Addict","77 Santa Barbara Rd",NULL,"Pleasant Hill","94523",13,"California",233,"{""en_US"": ""United States"", ""fr_FR"": ""États-Unis""}",43,"John Michel",34,"Coordination et gestion de l'intégration",44,"CGL-5","Coordination et gestion de l'intégration","[CGL-5] Coordination et gestion de l'intégration",5,"Services","CONF","Confirmé","2025-03-19 21:20:10.153247","2025-03-19 21:20:10","17000.00","20400.00"
1,"IT4Logs",59,"S00059",10,"Deco Addict","77 Santa Barbara Rd",NULL,"Pleasant Hill","94523",13,"California",233,"{""en_US"": ""United States"", ""fr_FR"": ""États-Unis""}",43,"John Michel",33,"Développements spécifiques",43,"DS-4","Développements spécifiques","[DS-4] Développements spécifiques",5,"Services","CONF","Confirmé","2025-03-19 21:19:45.283063","2025-03-19 21:19:45","21000.00","25200.00"
1,"IT4Logs",59,"S00059",10,"Deco Addict","77 Santa Barbara Rd",NULL,"Pleasant Hill","94523",13,"California",233,"{""en_US"": ""United States"", ""fr_FR"": ""États-Unis""}",43,"John Michel",33,"Développements spécifiques",43,"DS-4","Développements spécifiques","[DS-4] Développements spécifiques",5,"Services","CONF","Confirmé","2025-03-19 21:19:45.283063","2025-03-19 21:19:45","9000.00","10800.00"
1,"IT4Logs",58,"S00058",10,"Deco Addict","77 Santa Barbara Rd",NULL,"Pleasant Hill","94523",13,"California",233,"{""en_US"": ""United States"", ""fr_FR"": ""États-Unis""}",43,"John Michel",32,"Paramétrage du logiciel",42,"PDL-3","Paramétrage du logiciel","[PDL-3] Paramétrage du logiciel",5,"Services","CONF","Confirmé","2025-03-19 21:19:12.128855","2025-03-19 21:19:12","15000.00","18000.00"
1,"IT4Logs",58,"S00058",10,"Deco Addict","77 Santa Barbara Rd",NULL,"Pleasant Hill","94523",13,"California",233,"{""en_US"": ""United States"", ""fr_FR"": ""États-Unis""}",43,"John Michel",32,"Paramétrage du logiciel",42,"PDL-3","Paramétrage du logiciel","[PDL-3] Paramétrage du logiciel",5,"Services","CONF","Confirmé","2025-03-19 21:19:12.128855","2025-03-19 21:19:12","30000.00","36000.00"
1,"IT4Logs",57,"S00057",10,"Deco Addict","77 Santa Barbara Rd",NULL,"Pleasant Hill","94523",13,"California",233,"{""en_US"": ""United States"", ""fr_FR"": ""États-Unis""}",43,"John Michel",31,"Reprise de données",41,"RDD-2","Reprise de données","[RDD-2] Reprise de données",5,"Services","CONF","Confirmé","2025-03-19 21:18:34.813041","2025-03-19 21:18:35","9750.00","11700.00"
1,"IT4Logs",57,"S00057",10,"Deco Addict","77 Santa Barbara Rd",NULL,"Pleasant Hill","94523",13,"California",233,"{""en_US"": ""United States"", ""fr_FR"": ""États-Unis""}",43,"John Michel",31,"Reprise de données",41,"RDD-2","Reprise de données","[RDD-2] Reprise de données",5,"Services","CONF","Confirmé","2025-03-19 21:18:34.813041","2025-03-19 21:18:35","9750.00","11700.00"
1,"IT4Logs",57,"S00057",10,"Deco Addict","77 Santa Barbara Rd",NULL,"Pleasant Hill","94523",13,"California",233,"{""en_US"": ""United States"", ""fr_FR"": ""États-Unis""}",43,"John Michel",31,"Reprise de données",41,"RDD-2","Reprise de données","[RDD-2] Reprise de données",5,"Services","CONF","Confirmé","2025-03-19 21:18:34.813041","2025-03-19 21:18:35","9750.00","11700.00"
1,"IT4Logs",56,"S00056",10,"Deco Addict","77 Santa Barbara Rd",NULL,"Pleasant Hill","94523",13,"California",233,"{""en_US"": ""United States"", ""fr_FR"": ""États-Unis""}",43,"John Michel",30,"Déploiement logiciel",40,"DPL-1","Déploiement logiciel","[DPL-1] Déploiement logiciel",5,"Services","CONF","Confirmé","2025-03-19 21:17:47.588605","2025-03-19 21:17:47","2100.00","2520.00"
1,"IT4Logs",56,"S00056",10,"Deco Addict","77 Santa Barbara Rd",NULL,"Pleasant Hill","94523",13,"California",233,"{""en_US"": ""United States"", ""fr_FR"": ""États-Unis""}",43,"John Michel",30,"Déploiement logiciel",40,"DPL-1","Déploiement logiciel","[DPL-1] Déploiement logiciel",5,"Services","CONF","Confirmé","2025-03-19 21:17:47.588605","2025-03-19 21:17:47","2100.00","2520.00"
1,"IT4Logs",55,"S00055",14,"Azure Interior","4557 De Silva St",NULL,"Fremont","94538",13,"California",233,"{""en_US"": ""United States"", ""fr_FR"": ""États-Unis""}",43,"John Michel",34,"Coordination et gestion de l'intégration",44,"CGL-5","Coordination et gestion de l'intégration","[CGL-5] Coordination et gestion de l'intégration",5,"Services","CONF","Confirmé","2025-03-19 21:15:54.198206","2025-03-19 21:15:54","700.00","840.00"
1,"IT4Logs",54,"S00054",14,"Azure Interior","4557 De Silva St",NULL,"Fremont","94538",13,"California",233,"{""en_US"": ""United States"", ""fr_FR"": ""États-Unis""}",43,"John Michel",33,"Développements spécifiques",43,"DS-4","Développements spécifiques","[DS-4] Développements spécifiques",5,"Services","CONF","Confirmé","2025-03-19 21:15:38.775176","2025-03-19 21:15:38","6000.00","7200.00"
1,"IT4Logs",53,"S00053",26,"Brandon Freeman","4557 De Silva St",NULL,"Fremont","94538",13,"California",233,"{""en_US"": ""United States"", ""fr_FR"": ""États-Unis""}",43,"John Michel",32,"Paramétrage du logiciel",42,"PDL-3","Paramétrage du logiciel","[PDL-3] Paramétrage du logiciel",5,"Services","CONF","Confirmé","2025-03-19 21:15:14.174726","2025-03-19 21:15:14","10000.00","12000.00"
1,"IT4Logs",52,"S00052",14,"Azure Interior","4557 De Silva St",NULL,"Fremont","94538",13,"California",233,"{""en_US"": ""United States"", ""fr_FR"": ""États-Unis""}",43,"John Michel",31,"Reprise de données",41,"RDD-2","Reprise de données","[RDD-2] Reprise de données",5,"Services","CONF","Confirmé","2025-03-19 21:14:44.362431","2025-03-19 21:14:44","3300.00","3960.00"
1,"IT4Logs",52,"S00052",14,"Azure Interior","4557 De Silva St",NULL,"Fremont","94538",13,"California",233,"{""en_US"": ""United States"", ""fr_FR"": ""États-Unis""}",43,"John Michel",31,"Reprise de données",41,"RDD-2","Reprise de données","[RDD-2] Reprise de données",5,"Services","CONF","Confirmé","2025-03-19 21:14:44.362431","2025-03-19 21:14:44","2200.00","2640.00"
1,"IT4Logs",51,"S00051",14,"Azure Interior","4557 De Silva St",NULL,"Fremont","94538",13,"California",233,"{""en_US"": ""United States"", ""fr_FR"": ""États-Unis""}",43,"John Michel",30,"Déploiement logiciel",40,"DPL-1","Déploiement logiciel","[DPL-1] Déploiement logiciel",5,"Services","CONF","Confirmé","2025-03-19 21:14:09.773109","2025-03-19 21:14:10","600.00","720.00"
1,"IT4Logs",50,"S00050",9,"Wood Corner","1839 Arbor Way",NULL,"Turlock","95380",13,"California",233,"{""en_US"": ""United States"", ""fr_FR"": ""États-Unis""}",44,"Gaspard Collet",34,"Coordination et gestion de l'intégration",44,"CGL-5","Coordination et gestion de l'intégration","[CGL-5] Coordination et gestion de l'intégration",5,"Services","CONF","Confirmé","2025-03-19 21:13:03.587512","2025-03-19 21:13:03","1000.00","1200.00"
1,"IT4Logs",49,"S00049",9,"Wood Corner","1839 Arbor Way",NULL,"Turlock","95380",13,"California",233,"{""en_US"": ""United States"", ""fr_FR"": ""États-Unis""}",44,"Gaspard Collet",33,"Développements spécifiques",43,"DS-4","Développements spécifiques","[DS-4] Développements spécifiques",5,"Services","CONF","Confirmé","2025-03-19 21:12:25.593028","2025-03-19 21:12:25","18000.00","21600.00"
1,"IT4Logs",49,"S00049",9,"Wood Corner","1839 Arbor Way",NULL,"Turlock","95380",13,"California",233,"{""en_US"": ""United States"", ""fr_FR"": ""États-Unis""}",44,"Gaspard Collet",33,"Développements spécifiques",43,"DS-4","Développements spécifiques","[DS-4] Développements spécifiques",5,"Services","CONF","Confirmé","2025-03-19 21:12:25.593028","2025-03-19 21:12:25","45000.00","54000.00"
1,"IT4Logs",49,"S00049",9,"Wood Corner","1839 Arbor Way",NULL,"Turlock","95380",13,"California",233,"{""en_US"": ""United States"", ""fr_FR"": ""États-Unis""}",44,"Gaspard Collet",33,"Développements spécifiques",43,"DS-4","Développements spécifiques","[DS-4] Développements spécifiques",5,"Services","CONF","Confirmé","2025-03-19 21:12:25.593028","2025-03-19 21:12:25","54000.00","64800.00"
1,"IT4Logs",48,"S00048",9,"Wood Corner","1839 Arbor Way",NULL,"Turlock","95380",13,"California",233,"{""en_US"": ""United States"", ""fr_FR"": ""États-Unis""}",44,"Gaspard Collet",32,"Paramétrage du logiciel",42,"PDL-3","Paramétrage du logiciel","[PDL-3] Paramétrage du logiciel",5,"Services","CONF","Confirmé","2025-03-19 21:11:29.589247","2025-03-19 21:11:36","37500.00","45000.00"
1,"IT4Logs",48,"S00048",9,"Wood Corner","1839 Arbor Way",NULL,"Turlock","95380",13,"California",233,"{""en_US"": ""United States"", ""fr_FR"": ""États-Unis""}",44,"Gaspard Collet",32,"Paramétrage du logiciel",42,"PDL-3","Paramétrage du logiciel","[PDL-3] Paramétrage du logiciel",5,"Services","CONF","Confirmé","2025-03-19 21:11:29.589247","2025-03-19 21:11:36","22500.00","27000.00"
1,"IT4Logs",48,"S00048",9,"Wood Corner","1839 Arbor Way",NULL,"Turlock","95380",13,"California",233,"{""en_US"": ""United States"", ""fr_FR"": ""États-Unis""}",44,"Gaspard Collet",32,"Paramétrage du logiciel",42,"PDL-3","Paramétrage du logiciel","[PDL-3] Paramétrage du logiciel",5,"Services","CONF","Confirmé","2025-03-19 21:11:29.589247","2025-03-19 21:11:36","33750.00","40500.00"
1,"IT4Logs",48,"S00048",9,"Wood Corner","1839 Arbor Way",NULL,"Turlock","95380",13,"California",233,"{""en_US"": ""United States"", ""fr_FR"": ""États-Unis""}",44,"Gaspard Collet",32,"Paramétrage du logiciel",42,"PDL-3","Paramétrage du logiciel","[PDL-3] Paramétrage du logiciel",5,"Services","CONF","Confirmé","2025-03-19 21:11:29.589247","2025-03-19 21:11:36","56250.00","67500.00"
1,"IT4Logs",48,"S00048",9,"Wood Corner","1839 Arbor Way",NULL,"Turlock","95380",13,"California",233,"{""en_US"": ""United States"", ""fr_FR"": ""États-Unis""}",44,"Gaspard Collet",32,"Paramétrage du logiciel",42,"PDL-3","Paramétrage du logiciel","[PDL-3] Paramétrage du logiciel",5,"Services","CONF","Confirmé","2025-03-19 21:11:29.589247","2025-03-19 21:11:36","37500.00","45000.00"
1,"IT4Logs",48,"S00048",9,"Wood Corner","1839 Arbor Way",NULL,"Turlock","95380",13,"California",233,"{""en_US"": ""United States"", ""fr_FR"": ""États-Unis""}",44,"Gaspard Collet",32,"Paramétrage du logiciel",42,"PDL-3","Paramétrage du logiciel","[PDL-3] Paramétrage du logiciel",5,"Services","CONF","Confirmé","2025-03-19 21:11:29.589247","2025-03-19 21:11:36","48750.00","58500.00"
1,"IT4Logs",47,"S00047",9,"Wood Corner","1839 Arbor Way",NULL,"Turlock","95380",13,"California",233,"{""en_US"": ""United States"", ""fr_FR"": ""États-Unis""}",44,"Gaspard Collet",31,"Reprise de données",41,"RDD-2","Reprise de données","[RDD-2] Reprise de données",5,"Services","CONF","Confirmé","2025-03-19 21:10:02.957266","2025-03-19 21:10:03","24000.00","28800.00"
1,"IT4Logs",47,"S00047",9,"Wood Corner","1839 Arbor Way",NULL,"Turlock","95380",13,"California",233,"{""en_US"": ""United States"", ""fr_FR"": ""États-Unis""}",44,"Gaspard Collet",31,"Reprise de données",41,"RDD-2","Reprise de données","[RDD-2] Reprise de données",5,"Services","CONF","Confirmé","2025-03-19 21:10:02.957266","2025-03-19 21:10:03","16000.00","19200.00"
1,"IT4Logs",47,"S00047",9,"Wood Corner","1839 Arbor Way",NULL,"Turlock","95380",13,"California",233,"{""en_US"": ""United States"", ""fr_FR"": ""États-Unis""}",44,"Gaspard Collet",31,"Reprise de données",41,"RDD-2","Reprise de données","[RDD-2] Reprise de données",5,"Services","CONF","Confirmé","2025-03-19 21:10:02.957266","2025-03-19 21:10:03","32000.00","38400.00"
1,"IT4Logs",47,"S00047",9,"Wood Corner","1839 Arbor Way",NULL,"Turlock","95380",13,"California",233,"{""en_US"": ""United States"", ""fr_FR"": ""États-Unis""}",44,"Gaspard Collet",31,"Reprise de données",41,"RDD-2","Reprise de données","[RDD-2] Reprise de données",5,"Services","CONF","Confirmé","2025-03-19 21:10:02.957266","2025-03-19 21:10:03","28000.00","33600.00"
1,"IT4Logs",47,"S00047",9,"Wood Corner","1839 Arbor Way",NULL,"Turlock","95380",13,"California",233,"{""en_US"": ""United States"", ""fr_FR"": ""États-Unis""}",44,"Gaspard Collet",31,"Reprise de données",41,"RDD-2","Reprise de données","[RDD-2] Reprise de données",5,"Services","CONF","Confirmé","2025-03-19 21:10:02.957266","2025-03-19 21:10:03","20000.00","24000.00"
1,"IT4Logs",46,"S00046",9,"Wood Corner","1839 Arbor Way",NULL,"Turlock","95380",13,"California",233,"{""en_US"": ""United States"", ""fr_FR"": ""États-Unis""}",44,"Gaspard Collet",30,"Déploiement logiciel",40,"DPL-1","Déploiement logiciel","[DPL-1] Déploiement logiciel",5,"Services","CONF","Confirmé","2025-03-19 21:06:20.397202","2025-03-19 21:08:07","4000.00","4800.00"
1,"IT4Logs",46,"S00046",9,"Wood Corner","1839 Arbor Way",NULL,"Turlock","95380",13,"California",233,"{""en_US"": ""United States"", ""fr_FR"": ""États-Unis""}",44,"Gaspard Collet",30,"Déploiement logiciel",40,"DPL-1","Déploiement logiciel","[DPL-1] Déploiement logiciel",5,"Services","CONF","Confirmé","2025-03-19 21:06:20.397202","2025-03-19 21:08:07","4000.00","4800.00"
1,"IT4Logs",46,"S00046",9,"Wood Corner","1839 Arbor Way",NULL,"Turlock","95380",13,"California",233,"{""en_US"": ""United States"", ""fr_FR"": ""États-Unis""}",44,"Gaspard Collet",30,"Déploiement logiciel",40,"DPL-1","Déploiement logiciel","[DPL-1] Déploiement logiciel",5,"Services","CONF","Confirmé","2025-03-19 21:06:20.397202","2025-03-19 21:08:07","1600.00","1920.00"
1,"IT4Logs",45,"S00045",14,"Azure Interior","4557 De Silva St",NULL,"Fremont","94538",13,"California",233,"{""en_US"": ""United States"", ""fr_FR"": ""États-Unis""}",42,"Hugo Riviere",34,"Coordination et gestion de l'intégration",44,"CGL-5","Coordination et gestion de l'intégration","[CGL-5] Coordination et gestion de l'intégration",5,"Services","CONF","Confirmé","2025-03-18 20:20:40.74063","2025-03-18 20:20:40","4200.00","5040.00"
1,"IT4Logs",44,"S00044",14,"Azure Interior","4557 De Silva St",NULL,"Fremont","94538",13,"California",233,"{""en_US"": ""United States"", ""fr_FR"": ""États-Unis""}",42,"Hugo Riviere",33,"Développements spécifiques",43,"DS-4","Développements spécifiques","[DS-4] Développements spécifiques",5,"Services","CONF","Confirmé","2025-03-18 20:19:06.346915","2025-03-18 20:19:06","9000.00","10800.00"
1,"IT4Logs",43,"S00043",14,"Azure Interior","4557 De Silva St",NULL,"Fremont","94538",13,"California",233,"{""en_US"": ""United States"", ""fr_FR"": ""États-Unis""}",42,"Hugo Riviere",32,"Paramétrage du logiciel",42,"PDL-3","Paramétrage du logiciel","[PDL-3] Paramétrage du logiciel",5,"Services","CONF","Confirmé","2025-03-18 20:17:14.976303","2025-03-18 20:17:15","10000.00","12000.00"
1,"IT4Logs",42,"S00042",14,"Azure Interior","4557 De Silva St",NULL,"Fremont","94538",13,"California",233,"{""en_US"": ""United States"", ""fr_FR"": ""États-Unis""}",42,"Hugo Riviere",31,"Reprise de données",41,"RDD-2","Reprise de données","[RDD-2] Reprise de données",5,"Services","CONF","Confirmé","2025-03-18 20:16:34.819941","2025-03-18 20:16:34","5500.00","6600.00"
1,"IT4Logs",42,"S00042",14,"Azure Interior","4557 De Silva St",NULL,"Fremont","94538",13,"California",233,"{""en_US"": ""United States"", ""fr_FR"": ""États-Unis""}",42,"Hugo Riviere",31,"Reprise de données",41,"RDD-2","Reprise de données","[RDD-2] Reprise de données",5,"Services","CONF","Confirmé","2025-03-18 20:16:34.819941","2025-03-18 20:16:34","2200.00","2640.00"
1,"IT4Logs",41,"S00041",14,"Azure Interior","4557 De Silva St",NULL,"Fremont","94538",13,"California",233,"{""en_US"": ""United States"", ""fr_FR"": ""États-Unis""}",42,"Hugo Riviere",30,"Déploiement logiciel",40,"DPL-1","Déploiement logiciel","[DPL-1] Déploiement logiciel",5,"Services","CONF","Confirmé","2025-03-18 20:12:27.417458","2025-03-18 20:12:27","600.00","720.00"
1,"IT4Logs",40,"S00040",9,"Wood Corner","1839 Arbor Way",NULL,"Turlock","95380",13,"California",233,"{""en_US"": ""United States"", ""fr_FR"": ""États-Unis""}",42,"Hugo Riviere",34,"Coordination et gestion de l'intégration",44,"CGL-5","Coordination et gestion de l'intégration","[CGL-5] Coordination et gestion de l'intégration",5,"Services","CONF","Confirmé","2025-03-18 20:06:23.065503","2025-03-18 20:06:23","30000.00","36000.00"
1,"IT4Logs",39,"S00039",9,"Wood Corner","1839 Arbor Way",NULL,"Turlock","95380",13,"California",233,"{""en_US"": ""United States"", ""fr_FR"": ""États-Unis""}",42,"Hugo Riviere",33,"Développements spécifiques",43,"DS-4","Développements spécifiques","[DS-4] Développements spécifiques",5,"Services","CONF","Confirmé","2025-03-18 20:05:57.50625","2025-03-18 20:05:57","49500.00","59400.00"
1,"IT4Logs",39,"S00039",9,"Wood Corner","1839 Arbor Way",NULL,"Turlock","95380",13,"California",233,"{""en_US"": ""United States"", ""fr_FR"": ""États-Unis""}",42,"Hugo Riviere",33,"Développements spécifiques",43,"DS-4","Développements spécifiques","[DS-4] Développements spécifiques",5,"Services","CONF","Confirmé","2025-03-18 20:05:57.50625","2025-03-18 20:05:57","54000.00","64800.00"
1,"IT4Logs",39,"S00039",9,"Wood Corner","1839 Arbor Way",NULL,"Turlock","95380",13,"California",233,"{""en_US"": ""United States"", ""fr_FR"": ""États-Unis""}",42,"Hugo Riviere",33,"Développements spécifiques",43,"DS-4","Développements spécifiques","[DS-4] Développements spécifiques",5,"Services","CONF","Confirmé","2025-03-18 20:05:57.50625","2025-03-18 20:05:57","22500.00","27000.00"
1,"IT4Logs",38,"S00038",9,"Wood Corner","1839 Arbor Way",NULL,"Turlock","95380",13,"California",233,"{""en_US"": ""United States"", ""fr_FR"": ""États-Unis""}",42,"Hugo Riviere",32,"Paramétrage du logiciel",42,"PDL-3","Paramétrage du logiciel","[PDL-3] Paramétrage du logiciel",5,"Services","CONF","Confirmé","2025-03-18 20:04:51.036841","2025-03-18 20:04:51","22500.00","27000.00"
1,"IT4Logs",38,"S00038",9,"Wood Corner","1839 Arbor Way",NULL,"Turlock","95380",13,"California",233,"{""en_US"": ""United States"", ""fr_FR"": ""États-Unis""}",42,"Hugo Riviere",32,"Paramétrage du logiciel",42,"PDL-3","Paramétrage du logiciel","[PDL-3] Paramétrage du logiciel",5,"Services","CONF","Confirmé","2025-03-18 20:04:51.036841","2025-03-18 20:04:51","33750.00","40500.00"
1,"IT4Logs",38,"S00038",9,"Wood Corner","1839 Arbor Way",NULL,"Turlock","95380",13,"California",233,"{""en_US"": ""United States"", ""fr_FR"": ""États-Unis""}",42,"Hugo Riviere",32,"Paramétrage du logiciel",42,"PDL-3","Paramétrage du logiciel","[PDL-3] Paramétrage du logiciel",5,"Services","CONF","Confirmé","2025-03-18 20:04:51.036841","2025-03-18 20:04:51","26250.00","31500.00"
1,"IT4Logs",38,"S00038",9,"Wood Corner","1839 Arbor Way",NULL,"Turlock","95380",13,"California",233,"{""en_US"": ""United States"", ""fr_FR"": ""États-Unis""}",42,"Hugo Riviere",32,"Paramétrage du logiciel",42,"PDL-3","Paramétrage du logiciel","[PDL-3] Paramétrage du logiciel",5,"Services","CONF","Confirmé","2025-03-18 20:04:51.036841","2025-03-18 20:04:51","30000.00","36000.00"
1,"IT4Logs",38,"S00038",9,"Wood Corner","1839 Arbor Way",NULL,"Turlock","95380",13,"California",233,"{""en_US"": ""United States"", ""fr_FR"": ""États-Unis""}",42,"Hugo Riviere",32,"Paramétrage du logiciel",42,"PDL-3","Paramétrage du logiciel","[PDL-3] Paramétrage du logiciel",5,"Services","CONF","Confirmé","2025-03-18 20:04:51.036841","2025-03-18 20:04:51","30000.00","36000.00"
1,"IT4Logs",38,"S00038",9,"Wood Corner","1839 Arbor Way",NULL,"Turlock","95380",13,"California",233,"{""en_US"": ""United States"", ""fr_FR"": ""États-Unis""}",42,"Hugo Riviere",32,"Paramétrage du logiciel",42,"PDL-3","Paramétrage du logiciel","[PDL-3] Paramétrage du logiciel",5,"Services","CONF","Confirmé","2025-03-18 20:04:51.036841","2025-03-18 20:04:51","37500.00","45000.00"
1,"IT4Logs",37,"S00037",9,"Wood Corner","1839 Arbor Way",NULL,"Turlock","95380",13,"California",233,"{""en_US"": ""United States"", ""fr_FR"": ""États-Unis""}",42,"Hugo Riviere",31,"Reprise de données",41,"RDD-2","Reprise de données","[RDD-2] Reprise de données",5,"Services","CONF","Confirmé","2025-03-18 20:02:54.411138","2025-03-18 20:02:54","32000.00","38400.00"
1,"IT4Logs",37,"S00037",9,"Wood Corner","1839 Arbor Way",NULL,"Turlock","95380",13,"California",233,"{""en_US"": ""United States"", ""fr_FR"": ""États-Unis""}",42,"Hugo Riviere",31,"Reprise de données",41,"RDD-2","Reprise de données","[RDD-2] Reprise de données",5,"Services","CONF","Confirmé","2025-03-18 20:02:54.411138","2025-03-18 20:02:54","16000.00","19200.00"
1,"IT4Logs",37,"S00037",9,"Wood Corner","1839 Arbor Way",NULL,"Turlock","95380",13,"California",233,"{""en_US"": ""United States"", ""fr_FR"": ""États-Unis""}",42,"Hugo Riviere",31,"Reprise de données",41,"RDD-2","Reprise de données","[RDD-2] Reprise de données",5,"Services","CONF","Confirmé","2025-03-18 20:02:54.411138","2025-03-18 20:02:54","24000.00","28800.00"
1,"IT4Logs",37,"S00037",9,"Wood Corner","1839 Arbor Way",NULL,"Turlock","95380",13,"California",233,"{""en_US"": ""United States"", ""fr_FR"": ""États-Unis""}",42,"Hugo Riviere",31,"Reprise de données",41,"RDD-2","Reprise de données","[RDD-2] Reprise de données",5,"Services","CONF","Confirmé","2025-03-18 20:02:54.411138","2025-03-18 20:02:54","32000.00","38400.00"
1,"IT4Logs",37,"S00037",9,"Wood Corner","1839 Arbor Way",NULL,"Turlock","95380",13,"California",233,"{""en_US"": ""United States"", ""fr_FR"": ""États-Unis""}",42,"Hugo Riviere",31,"Reprise de données",41,"RDD-2","Reprise de données","[RDD-2] Reprise de données",5,"Services","CONF","Confirmé","2025-03-18 20:02:54.411138","2025-03-18 20:02:54","32000.00","38400.00"
1,"IT4Logs",36,"S00036",9,"Wood Corner","1839 Arbor Way",NULL,"Turlock","95380",13,"California",233,"{""en_US"": ""United States"", ""fr_FR"": ""États-Unis""}",42,"Hugo Riviere",30,"Déploiement logiciel",40,"DPL-1","Déploiement logiciel","[DPL-1] Déploiement logiciel",5,"Services","CONF","Confirmé","2025-03-18 20:01:28.471313","2025-03-18 20:01:28","4000.00","4800.00"
1,"IT4Logs",36,"S00036",9,"Wood Corner","1839 Arbor Way",NULL,"Turlock","95380",13,"California",233,"{""en_US"": ""United States"", ""fr_FR"": ""États-Unis""}",42,"Hugo Riviere",30,"Déploiement logiciel",40,"DPL-1","Déploiement logiciel","[DPL-1] Déploiement logiciel",5,"Services","CONF","Confirmé","2025-03-18 20:01:28.471313","2025-03-18 20:01:28","3200.00","3840.00"
1,"IT4Logs",36,"S00036",9,"Wood Corner","1839 Arbor Way",NULL,"Turlock","95380",13,"California",233,"{""en_US"": ""United States"", ""fr_FR"": ""États-Unis""}",42,"Hugo Riviere",30,"Déploiement logiciel",40,"DPL-1","Déploiement logiciel","[DPL-1] Déploiement logiciel",5,"Services","CONF","Confirmé","2025-03-18 20:01:28.471313","2025-03-18 20:01:28","1600.00","1920.00"
1,"IT4Logs",35,"S00035",14,"Azure Interior","4557 De Silva St",NULL,"Fremont","94538",13,"California",233,"{""en_US"": ""United States"", ""fr_FR"": ""États-Unis""}",43,"John Michel",34,"Coordination et gestion de l'intégration",44,"CGL-5","Coordination et gestion de l'intégration","[CGL-5] Coordination et gestion de l'intégration",5,"Services","CONF","Confirmé","2025-03-18 19:58:46.653544","2025-03-18 19:58:46","2800.00","3360.00"
1,"IT4Logs",34,"S00034",14,"Azure Interior","4557 De Silva St",NULL,"Fremont","94538",13,"California",233,"{""en_US"": ""United States"", ""fr_FR"": ""États-Unis""}",43,"John Michel",33,"Développements spécifiques",43,"DS-4","Développements spécifiques","[DS-4] Développements spécifiques",5,"Services","CONF","Confirmé","2025-03-18 19:58:15.746395","2025-03-18 19:58:16","9000.00","10800.00"
1,"IT4Logs",33,"S00033",14,"Azure Interior","4557 De Silva St",NULL,"Fremont","94538",13,"California",233,"{""en_US"": ""United States"", ""fr_FR"": ""États-Unis""}",43,"John Michel",32,"Paramétrage du logiciel",42,"PDL-3","Paramétrage du logiciel","[PDL-3] Paramétrage du logiciel",5,"Services","CONF","Confirmé","2025-03-18 19:57:18.976233","2025-03-18 19:57:19","14500.00","17400.00"
1,"IT4Logs",32,"S00032",14,"Azure Interior","4557 De Silva St",NULL,"Fremont","94538",13,"California",233,"{""en_US"": ""United States"", ""fr_FR"": ""États-Unis""}",43,"John Michel",31,"Reprise de données",41,"RDD-2","Reprise de données","[RDD-2] Reprise de données",5,"Services","CONF","Confirmé","2025-03-18 19:56:39.825309","2025-03-18 19:56:40","3850.00","4620.00"
1,"IT4Logs",32,"S00032",14,"Azure Interior","4557 De Silva St",NULL,"Fremont","94538",13,"California",233,"{""en_US"": ""United States"", ""fr_FR"": ""États-Unis""}",43,"John Michel",31,"Reprise de données",41,"RDD-2","Reprise de données","[RDD-2] Reprise de données",5,"Services","CONF","Confirmé","2025-03-18 19:56:39.825309","2025-03-18 19:56:40","2200.00","2640.00"
1,"IT4Logs",31,"S00031",14,"Azure Interior","4557 De Silva St",NULL,"Fremont","94538",13,"California",233,"{""en_US"": ""United States"", ""fr_FR"": ""États-Unis""}",43,"John Michel",30,"Déploiement logiciel",40,"DPL-1","Déploiement logiciel","[DPL-1] Déploiement logiciel",5,"Services","CONF","Confirmé","2025-03-18 19:56:02.709727","2025-03-18 19:56:03","600.00","720.00"
1,"IT4Logs",30,"S00030",14,"Azure Interior","4557 De Silva St",NULL,"Fremont","94538",13,"California",233,"{""en_US"": ""United States"", ""fr_FR"": ""États-Unis""}",44,"Gaspard Collet",34,"Coordination et gestion de l'intégration",44,"CGL-5","Coordination et gestion de l'intégration","[CGL-5] Coordination et gestion de l'intégration",5,"Services","CONF","Confirmé","2025-03-18 19:53:56.955658","2025-03-18 19:53:57","4200.00","5040.00"
1,"IT4Logs",29,"S00029",14,"Azure Interior","4557 De Silva St",NULL,"Fremont","94538",13,"California",233,"{""en_US"": ""United States"", ""fr_FR"": ""États-Unis""}",44,"Gaspard Collet",33,"Développements spécifiques",43,"DS-4","Développements spécifiques","[DS-4] Développements spécifiques",5,"Services","CONF","Confirmé","2025-03-18 19:53:31.751004","2025-03-18 19:53:32","10000.00","12000.00"
1,"IT4Logs",28,"S00028",14,"Azure Interior","4557 De Silva St",NULL,"Fremont","94538",13,"California",233,"{""en_US"": ""United States"", ""fr_FR"": ""États-Unis""}",44,"Gaspard Collet",32,"Paramétrage du logiciel",42,"PDL-3","Paramétrage du logiciel","[PDL-3] Paramétrage du logiciel",5,"Services","CONF","Confirmé","2025-03-18 19:53:05.62023","2025-03-18 19:53:05","15000.00","18000.00"
1,"IT4Logs",27,"S00027",14,"Azure Interior","4557 De Silva St",NULL,"Fremont","94538",13,"California",233,"{""en_US"": ""United States"", ""fr_FR"": ""États-Unis""}",44,"Gaspard Collet",31,"Reprise de données",41,"RDD-2","Reprise de données","[RDD-2] Reprise de données",5,"Services","CONF","Confirmé","2025-03-18 19:52:04.057617","2025-03-18 19:52:04","2200.00","2640.00"
1,"IT4Logs",27,"S00027",14,"Azure Interior","4557 De Silva St",NULL,"Fremont","94538",13,"California",233,"{""en_US"": ""United States"", ""fr_FR"": ""États-Unis""}",44,"Gaspard Collet",31,"Reprise de données",41,"RDD-2","Reprise de données","[RDD-2] Reprise de données",5,"Services","CONF","Confirmé","2025-03-18 19:52:04.057617","2025-03-18 19:52:04","5500.00","6600.00"
1,"IT4Logs",26,"S00026",14,"Azure Interior","4557 De Silva St",NULL,"Fremont","94538",13,"California",233,"{""en_US"": ""United States"", ""fr_FR"": ""États-Unis""}",44,"Gaspard Collet",30,"Déploiement logiciel",40,"DPL-1","Déploiement logiciel","[DPL-1] Déploiement logiciel",5,"Services","CONF","Confirmé","2025-03-18 19:50:47.897877","2025-03-18 19:50:48","600.00","720.00"
1,"IT4Logs",25,"S00025",10,"Deco Addict","77 Santa Barbara Rd",NULL,"Pleasant Hill","94523",13,"California",233,"{""en_US"": ""United States"", ""fr_FR"": ""États-Unis""}",44,"Gaspard Collet",34,"Coordination et gestion de l'intégration",44,"CGL-5","Coordination et gestion de l'intégration","[CGL-5] Coordination et gestion de l'intégration",5,"Services","CONF","Confirmé","2025-03-18 19:48:32.896312","2025-03-18 19:48:33","17000.00","20400.00"
1,"IT4Logs",24,"S00024",10,"Deco Addict","77 Santa Barbara Rd",NULL,"Pleasant Hill","94523",13,"California",233,"{""en_US"": ""United States"", ""fr_FR"": ""États-Unis""}",44,"Gaspard Collet",33,"Développements spécifiques",43,"DS-4","Développements spécifiques","[DS-4] Développements spécifiques",5,"Services","CONF","Confirmé","2025-03-18 19:47:47.307752","2025-03-18 19:47:47","12000.00","14400.00"
1,"IT4Logs",24,"S00024",10,"Deco Addict","77 Santa Barbara Rd",NULL,"Pleasant Hill","94523",13,"California",233,"{""en_US"": ""United States"", ""fr_FR"": ""États-Unis""}",44,"Gaspard Collet",33,"Développements spécifiques",43,"DS-4","Développements spécifiques","[DS-4] Développements spécifiques",5,"Services","CONF","Confirmé","2025-03-18 19:47:47.307752","2025-03-18 19:47:47","18000.00","21600.00"
1,"IT4Logs",23,"S00023",10,"Deco Addict","77 Santa Barbara Rd",NULL,"Pleasant Hill","94523",13,"California",233,"{""en_US"": ""United States"", ""fr_FR"": ""États-Unis""}",44,"Gaspard Collet",32,"Paramétrage du logiciel",42,"PDL-3","Paramétrage du logiciel","[PDL-3] Paramétrage du logiciel",5,"Services","CONF","Confirmé","2025-03-18 19:47:07.355812","2025-03-18 19:47:07","33000.00","39600.00"
1,"IT4Logs",23,"S00023",10,"Deco Addict","77 Santa Barbara Rd",NULL,"Pleasant Hill","94523",13,"California",233,"{""en_US"": ""United States"", ""fr_FR"": ""États-Unis""}",44,"Gaspard Collet",32,"Paramétrage du logiciel",42,"PDL-3","Paramétrage du logiciel","[PDL-3] Paramétrage du logiciel",5,"Services","CONF","Confirmé","2025-03-18 19:47:07.355812","2025-03-18 19:47:07","18000.00","21600.00"
1,"IT4Logs",22,"S00022",10,"Deco Addict","77 Santa Barbara Rd",NULL,"Pleasant Hill","94523",13,"California",233,"{""en_US"": ""United States"", ""fr_FR"": ""États-Unis""}",44,"Gaspard Collet",31,"Reprise de données",41,"RDD-2","Reprise de données","[RDD-2] Reprise de données",5,"Services","CONF","Confirmé","2025-03-18 19:45:41.617008","2025-03-18 19:45:41","9750.00","11700.00"
1,"IT4Logs",22,"S00022",10,"Deco Addict","77 Santa Barbara Rd",NULL,"Pleasant Hill","94523",13,"California",233,"{""en_US"": ""United States"", ""fr_FR"": ""États-Unis""}",44,"Gaspard Collet",31,"Reprise de données",41,"RDD-2","Reprise de données","[RDD-2] Reprise de données",5,"Services","CONF","Confirmé","2025-03-18 19:45:41.617008","2025-03-18 19:45:41","7800.00","9360.00"
1,"IT4Logs",22,"S00022",10,"Deco Addict","77 Santa Barbara Rd",NULL,"Pleasant Hill","94523",13,"California",233,"{""en_US"": ""United States"", ""fr_FR"": ""États-Unis""}",44,"Gaspard Collet",31,"Reprise de données",41,"RDD-2","Reprise de données","[RDD-2] Reprise de données",5,"Services","CONF","Confirmé","2025-03-18 19:45:41.617008","2025-03-18 19:45:41","6500.00","7800.00"
1,"IT4Logs",21,"S00021",10,"Deco Addict","77 Santa Barbara Rd",NULL,"Pleasant Hill","94523",13,"California",233,"{""en_US"": ""United States"", ""fr_FR"": ""États-Unis""}",44,"Gaspard Collet",30,"Déploiement logiciel",40,"DPL-1","Déploiement logiciel","[DPL-1] Déploiement logiciel",5,"Services","CONF","Confirmé","2025-03-18 19:30:44.745799","2025-03-18 19:30:45","2100.00","2520.00"
1,"IT4Logs",21,"S00021",10,"Deco Addict","77 Santa Barbara Rd",NULL,"Pleasant Hill","94523",13,"California",233,"{""en_US"": ""United States"", ""fr_FR"": ""États-Unis""}",44,"Gaspard Collet",30,"Déploiement logiciel",40,"DPL-1","Déploiement logiciel","[DPL-1] Déploiement logiciel",5,"Services","CONF","Confirmé","2025-03-18 19:30:44.745799","2025-03-18 19:30:45","700.00","840.00"
1,"IT4Logs",2,"S00002",12,"Ready Mat","7500 W Linne Road",NULL,"Tracy","95304",13,"California",233,"{""en_US"": ""United States"", ""fr_FR"": ""États-Unis""}",3,"Admin",4,"Virtual Home Staging",4,NULL,"Virtual Home Staging","Virtual Home Staging",5,"Services","BRO","Brouillon","2025-03-18 15:43:54.325641","2025-02-18 15:43:00","1147.50","1147.50"
1,"IT4Logs",2,"S00002",12,"Ready Mat","7500 W Linne Road",NULL,"Tracy","95304",13,"California",233,"{""en_US"": ""United States"", ""fr_FR"": ""États-Unis""}",3,"Admin",3,"Design d'intérieur virtuel",3,NULL,"Design d'intérieur virtuel","Design d'intérieur virtuel",5,"Services","BRO","Brouillon","2025-03-18 15:43:54.325641","2025-02-18 15:43:00","1800.00","1800.00"
1,"IT4Logs",1,"S00001",10,"Deco Addict","77 Santa Barbara Rd",NULL,"Pleasant Hill","94523",13,"California",233,"{""en_US"": ""United States"", ""fr_FR"": ""États-Unis""}",7,"Marc Demo",5,"Chaise de bureau",5,"FURN_7777","Chaise de bureau","[FURN_7777] Chaise de bureau",8,"Office Furniture","BRO","Brouillon","2025-03-18 15:43:54.325641","2025-02-18 15:43:00","130.00","130.00"
1,"IT4Logs",1,"S00001",10,"Deco Addict","77 Santa Barbara Rd",NULL,"Pleasant Hill","94523",13,"California",233,"{""en_US"": ""United States"", ""fr_FR"": ""États-Unis""}",7,"Marc Demo",6,"Lampe de bureau",6,"FURN_8888","Lampe de bureau","[FURN_8888] Lampe de bureau",8,"Office Furniture","BRO","Brouillon","2025-03-18 15:43:54.325641","2025-02-18 15:43:00","725.00","725.00"
1,"IT4Logs",1,"S00001",10,"Deco Addict","77 Santa Barbara Rd",NULL,"Pleasant Hill","94523",13,"California",233,"{""en_US"": ""United States"", ""fr_FR"": ""États-Unis""}",7,"Marc Demo",23,"Écrans anti-bruit",31,"FURN_6666","Écrans anti-bruit","[FURN_6666] Écrans anti-bruit",8,"Office Furniture","BRO","Brouillon","2025-03-18 15:43:54.325641","2025-02-18 15:43:00","885.00","885.00"
1,"IT4Logs",4,"S00004",11,"Gemini Furniture","317 Fairchild Dr",NULL,"Fairfield","94535",13,"California",233,"{""en_US"": ""United States"", ""fr_FR"": ""États-Unis""}",3,"Admin",3,"Design d'intérieur virtuel",3,NULL,"Design d'intérieur virtuel","Design d'intérieur virtuel",5,"Services","CONF","Confirmé","2025-03-18 15:43:54.325641","2025-03-18 15:44:00","1200.00","1200.00"
1,"IT4Logs",4,"S00004",11,"Gemini Furniture","317 Fairchild Dr",NULL,"Fairfield","94535",13,"California",233,"{""en_US"": ""United States"", ""fr_FR"": ""États-Unis""}",3,"Admin",6,"Lampe de bureau",6,"FURN_8888","Lampe de bureau","[FURN_8888] Lampe de bureau",8,"Office Furniture","CONF","Confirmé","2025-03-18 15:43:54.325641","2025-03-18 15:44:00","450.00","450.00"
1,"IT4Logs",4,"S00004",11,"Gemini Furniture","317 Fairchild Dr",NULL,"Fairfield","94535",13,"California",233,"{""en_US"": ""United States"", ""fr_FR"": ""États-Unis""}",3,"Admin",26,"Grande table de réunion",34,"FURN_6741","Grande table de réunion","[FURN_6741] Grande table de réunion
Une table de salle de conférence",8,"Office Furniture","CONF","Confirmé","2025-03-18 15:43:54.325641","2025-03-18 15:44:00","450.00","450.00"
1,"IT4Logs",18,"S00018",11,"Gemini Furniture","317 Fairchild Dr",NULL,"Fairfield","94535",13,"California",233,"{""en_US"": ""United States"", ""fr_FR"": ""États-Unis""}",7,"Marc Demo",17,"Chaise de bureau noire",25,"FURN_0269","Chaise de bureau noire","[FURN_0269] Chaise de bureau noire",8,"Office Furniture","CONF","Confirmé","2025-03-18 15:43:54.325641","2025-02-11 15:44:00.649892","241.00","241.00"
1,"IT4Logs",18,"S00018",11,"Gemini Furniture","317 Fairchild Dr",NULL,"Fairfield","94535",13,"California",233,"{""en_US"": ""United States"", ""fr_FR"": ""États-Unis""}",7,"Marc Demo",23,"Écrans anti-bruit",31,"FURN_6666","Écrans anti-bruit","[FURN_6666] Écrans anti-bruit",8,"Office Furniture","CONF","Confirmé","2025-03-18 15:43:54.325641","2025-02-11 15:44:00.649892","590.00","590.00"
1,"IT4Logs",17,"S00017",11,"Gemini Furniture","317 Fairchild Dr",NULL,"Fairfield","94535",13,"California",233,"{""en_US"": ""United States"", ""fr_FR"": ""États-Unis""}",7,"Marc Demo",17,"Chaise de bureau noire",25,"FURN_0269","Chaise de bureau noire","[FURN_0269] Chaise de bureau noire",8,"Office Furniture","CONF","Confirmé","2025-03-18 15:43:54.325641","2025-02-18 15:44:00.647969","241.00","241.00"
1,"IT4Logs",17,"S00017",11,"Gemini Furniture","317 Fairchild Dr",NULL,"Fairfield","94535",13,"California",233,"{""en_US"": ""United States"", ""fr_FR"": ""États-Unis""}",7,"Marc Demo",23,"Écrans anti-bruit",31,"FURN_6666","Écrans anti-bruit","[FURN_6666] Écrans anti-bruit",8,"Office Furniture","CONF","Confirmé","2025-03-18 15:43:54.325641","2025-02-18 15:44:00.647969","710.00","710.00"
1,"IT4Logs",16,"S00016",11,"Gemini Furniture","317 Fairchild Dr",NULL,"Fairfield","94535",13,"California",233,"{""en_US"": ""United States"", ""fr_FR"": ""États-Unis""}",7,"Marc Demo",17,"Chaise de bureau noire",25,"FURN_0269","Chaise de bureau noire","[FURN_0269] Chaise de bureau noire",8,"Office Furniture","CONF","Confirmé","2025-03-18 15:43:54.325641","2025-03-18 15:44:00","361.50","361.50"
1,"IT4Logs",16,"S00016",11,"Gemini Furniture","317 Fairchild Dr",NULL,"Fairfield","94535",13,"California",233,"{""en_US"": ""United States"", ""fr_FR"": ""États-Unis""}",7,"Marc Demo",23,"Écrans anti-bruit",31,"FURN_6666","Écrans anti-bruit","[FURN_6666] Écrans anti-bruit",8,"Office Furniture","CONF","Confirmé","2025-03-18 15:43:54.325641","2025-03-18 15:44:00","825.00","825.00"
1,"IT4Logs",15,"S00015",11,"Gemini Furniture","317 Fairchild Dr",NULL,"Fairfield","94535",13,"California",233,"{""en_US"": ""United States"", ""fr_FR"": ""États-Unis""}",7,"Marc Demo",17,"Chaise de bureau noire",25,"FURN_0269","Chaise de bureau noire","[FURN_0269] Chaise de bureau noire",8,"Office Furniture","CONF","Confirmé","2025-03-18 15:43:54.325641","2025-03-04 15:44:00.646092","361.50","361.50"
1,"IT4Logs",15,"S00015",11,"Gemini Furniture","317 Fairchild Dr",NULL,"Fairfield","94535",13,"California",233,"{""en_US"": ""United States"", ""fr_FR"": ""États-Unis""}",7,"Marc Demo",23,"Écrans anti-bruit",31,"FURN_6666","Écrans anti-bruit","[FURN_6666] Écrans anti-bruit",8,"Office Furniture","CONF","Confirmé","2025-03-18 15:43:54.325641","2025-03-04 15:44:00.646092","1180.00","1180.00"
1,"IT4Logs",14,"S00014",11,"Gemini Furniture","317 Fairchild Dr",NULL,"Fairfield","94535",13,"California",233,"{""en_US"": ""United States"", ""fr_FR"": ""États-Unis""}",7,"Marc Demo",17,"Chaise de bureau noire",25,"FURN_0269","Chaise de bureau noire","[FURN_0269] Chaise de bureau noire",8,"Office Furniture","CONF","Confirmé","2025-03-18 15:43:54.325641","2025-03-18 15:44:00","482.00","482.00"
1,"IT4Logs",14,"S00014",11,"Gemini Furniture","317 Fairchild Dr",NULL,"Fairfield","94535",13,"California",233,"{""en_US"": ""United States"", ""fr_FR"": ""États-Unis""}",7,"Marc Demo",23,"Écrans anti-bruit",31,"FURN_6666","Écrans anti-bruit","[FURN_6666] Écrans anti-bruit",8,"Office Furniture","CONF","Confirmé","2025-03-18 15:43:54.325641","2025-03-18 15:44:00","1100.00","1100.00"
1,"IT4Logs",13,"S00013",11,"Gemini Furniture","317 Fairchild Dr",NULL,"Fairfield","94535",13,"California",233,"{""en_US"": ""United States"", ""fr_FR"": ""États-Unis""}",7,"Marc Demo",17,"Chaise de bureau noire",25,"FURN_0269","Chaise de bureau noire","[FURN_0269] Chaise de bureau noire",8,"Office Furniture","CONF","Confirmé","2025-03-18 15:43:54.325641","2025-03-18 15:44:00","120.50","120.50"
1,"IT4Logs",13,"S00013",11,"Gemini Furniture","317 Fairchild Dr",NULL,"Fairfield","94535",13,"California",233,"{""en_US"": ""United States"", ""fr_FR"": ""États-Unis""}",7,"Marc Demo",23,"Écrans anti-bruit",31,"FURN_6666","Écrans anti-bruit","[FURN_6666] Écrans anti-bruit",8,"Office Furniture","CONF","Confirmé","2025-03-18 15:43:54.325641","2025-03-18 15:44:00","295.00","295.00"
1,"IT4Logs",12,"S00012",11,"Gemini Furniture","317 Fairchild Dr",NULL,"Fairfield","94535",13,"California",233,"{""en_US"": ""United States"", ""fr_FR"": ""États-Unis""}",7,"Marc Demo",17,"Chaise de bureau noire",25,"FURN_0269","Chaise de bureau noire","[FURN_0269] Chaise de bureau noire",8,"Office Furniture","CONF","Confirmé","2025-03-18 15:43:54.325641","2025-03-18 15:44:00","241.00","241.00"
1,"IT4Logs",12,"S00012",11,"Gemini Furniture","317 Fairchild Dr",NULL,"Fairfield","94535",13,"California",233,"{""en_US"": ""United States"", ""fr_FR"": ""États-Unis""}",7,"Marc Demo",23,"Écrans anti-bruit",31,"FURN_6666","Écrans anti-bruit","[FURN_6666] Écrans anti-bruit",8,"Office Furniture","CONF","Confirmé","2025-03-18 15:43:54.325641","2025-03-18 15:44:00","315.00","315.00"
1,"IT4Logs",11,"S00011",11,"Gemini Furniture","317 Fairchild Dr",NULL,"Fairfield","94535",13,"California",233,"{""en_US"": ""United States"", ""fr_FR"": ""États-Unis""}",7,"Marc Demo",17,"Chaise de bureau noire",25,"FURN_0269","Chaise de bureau noire","[FURN_0269] Chaise de bureau noire",8,"Office Furniture","CONF","Confirmé","2025-03-18 15:43:54.325641","2025-02-25 15:44:00.644072","361.50","361.50"
1,"IT4Logs",11,"S00011",11,"Gemini Furniture","317 Fairchild Dr",NULL,"Fairfield","94535",13,"California",233,"{""en_US"": ""United States"", ""fr_FR"": ""États-Unis""}",7,"Marc Demo",23,"Écrans anti-bruit",31,"FURN_6666","Écrans anti-bruit","[FURN_6666] Écrans anti-bruit",8,"Office Furniture","CONF","Confirmé","2025-03-18 15:43:54.325641","2025-02-25 15:44:00.644072","735.00","735.00"
1,"IT4Logs",10,"S00010",11,"Gemini Furniture","317 Fairchild Dr",NULL,"Fairfield","94535",13,"California",233,"{""en_US"": ""United States"", ""fr_FR"": ""États-Unis""}",7,"Marc Demo",17,"Chaise de bureau noire",25,"FURN_0269","Chaise de bureau noire","[FURN_0269] Chaise de bureau noire",8,"Office Furniture","CONF","Confirmé","2025-03-18 15:43:54.325641","2025-03-18 15:44:00","241.00","241.00"
1,"IT4Logs",10,"S00010",11,"Gemini Furniture","317 Fairchild Dr",NULL,"Fairfield","94535",13,"California",233,"{""en_US"": ""United States"", ""fr_FR"": ""États-Unis""}",7,"Marc Demo",23,"Écrans anti-bruit",31,"FURN_6666","Écrans anti-bruit","[FURN_6666] Écrans anti-bruit",8,"Office Furniture","CONF","Confirmé","2025-03-18 15:43:54.325641","2025-03-18 15:44:00","510.00","510.00"
1,"IT4Logs",9,"S00009",11,"Gemini Furniture","317 Fairchild Dr",NULL,"Fairfield","94535",13,"California",233,"{""en_US"": ""United States"", ""fr_FR"": ""États-Unis""}",7,"Marc Demo",17,"Chaise de bureau noire",25,"FURN_0269","Chaise de bureau noire","[FURN_0269] Chaise de bureau noire",8,"Office Furniture","CONF","Confirmé","2025-03-18 15:43:54.325641","2025-03-11 15:44:00.642264","361.50","361.50"
1,"IT4Logs",9,"S00009",11,"Gemini Furniture","317 Fairchild Dr",NULL,"Fairfield","94535",13,"California",233,"{""en_US"": ""United States"", ""fr_FR"": ""États-Unis""}",7,"Marc Demo",24,"Tiroir",32,"FURN_8855","Tiroir","[FURN_8855] Tiroir",8,"Office Furniture","CONF","Confirmé","2025-03-18 15:43:54.325641","2025-03-11 15:44:00.642264","292.50","292.50"
1,"IT4Logs",8,"S00008",11,"Gemini Furniture","317 Fairchild Dr",NULL,"Fairfield","94535",13,"California",233,"{""en_US"": ""United States"", ""fr_FR"": ""États-Unis""}",7,"Marc Demo",17,"Chaise de bureau noire",25,"FURN_0269","Chaise de bureau noire","[FURN_0269] Chaise de bureau noire",8,"Office Furniture","CONF","Confirmé","2025-03-18 15:43:54.325641","2025-03-18 15:44:00","241.00","241.00"
1,"IT4Logs",8,"S00008",11,"Gemini Furniture","317 Fairchild Dr",NULL,"Fairfield","94535",13,"California",233,"{""en_US"": ""United States"", ""fr_FR"": ""États-Unis""}",7,"Marc Demo",24,"Tiroir",32,"FURN_8855","Tiroir","[FURN_8855] Tiroir",8,"Office Furniture","CONF","Confirmé","2025-03-18 15:43:54.325641","2025-03-18 15:44:00","221.00","221.00"
1,"IT4Logs",4,"S00004",11,"Gemini Furniture","317 Fairchild Dr",NULL,"Fairfield","94535",13,"California",233,"{""en_US"": ""United States"", ""fr_FR"": ""États-Unis""}",3,"Admin",5,"Chaise de bureau",5,"FURN_7777","Chaise de bureau","[FURN_7777] Chaise de bureau",8,"Office Furniture","CONF","Confirmé","2025-03-18 15:43:54.325641","2025-03-18 15:44:00","140.00","140.00"
1,"IT4Logs",19,"S00019",8,"Joel Willis","858 Lynn Street",NULL,"Bayonne","07002",33,"New Jersey",233,"{""en_US"": ""United States"", ""fr_FR"": ""États-Unis""}",3,"Admin",5,"Chaise de bureau",5,"FURN_7777","Chaise de bureau","[FURN_7777] Chaise de bureau",8,"Office Furniture","ENV","Envoyé","2025-03-18 15:43:54.325641","2025-02-18 15:44:00","130.00","130.00"
1,"IT4Logs",19,"S00019",8,"Joel Willis","858 Lynn Street",NULL,"Bayonne","07002",33,"New Jersey",233,"{""en_US"": ""United States"", ""fr_FR"": ""États-Unis""}",3,"Admin",23,"Écrans anti-bruit",31,"FURN_6666","Écrans anti-bruit","[FURN_6666] Écrans anti-bruit",8,"Office Furniture","ENV","Envoyé","2025-03-18 15:43:54.325641","2025-02-18 15:44:00","885.00","885.00"
1,"IT4Logs",7,"S00007",11,"Gemini Furniture","317 Fairchild Dr",NULL,"Fairfield","94535",13,"California",233,"{""en_US"": ""United States"", ""fr_FR"": ""États-Unis""}",3,"Admin",5,"Chaise de bureau",5,"FURN_7777","Chaise de bureau","[FURN_7777] Chaise de bureau",8,"Office Furniture","CONF","Confirmé","2025-03-18 15:43:54.325641","2025-03-18 15:44:00","18.00","18.00"
1,"IT4Logs",7,"S00007",11,"Gemini Furniture","317 Fairchild Dr",NULL,"Fairfield","94535",13,"California",233,"{""en_US"": ""United States"", ""fr_FR"": ""États-Unis""}",3,"Admin",6,"Lampe de bureau",6,"FURN_8888","Lampe de bureau","[FURN_8888] Lampe de bureau",8,"Office Furniture","CONF","Confirmé","2025-03-18 15:43:54.325641","2025-03-18 15:44:00","40.00","40.00"
1,"IT4Logs",7,"S00007",11,"Gemini Furniture","317 Fairchild Dr",NULL,"Fairfield","94535",13,"California",233,"{""en_US"": ""United States"", ""fr_FR"": ""États-Unis""}",3,"Admin",23,"Écrans anti-bruit",31,"FURN_6666","Écrans anti-bruit","[FURN_6666] Écrans anti-bruit",8,"Office Furniture","CONF","Confirmé","2025-03-18 15:43:54.325641","2025-03-18 15:44:00","1475.00","1475.00"
1,"IT4Logs",6,"S00006",15,"Lumber Inc","1337 N San Joaquin St",NULL,"Stockton","95202",13,"California",233,"{""en_US"": ""United States"", ""fr_FR"": ""États-Unis""}",3,"Admin",9,"Bureau personnalisable",12,"FURN_0096","Bureau personnalisable","[FURN_0096] Bureau personnalisable (Acier, Blanc)
160x80cm, avec des pieds larges.",8,"Office Furniture","CONF","Confirmé","2025-03-18 15:43:54.325641","2025-03-18 15:44:00","750.00","750.00"
1,"IT4Logs",20,"S00020",8,"Joel Willis","858 Lynn Street",NULL,"Bayonne","07002",33,"New Jersey",233,"{""en_US"": ""United States"", ""fr_FR"": ""États-Unis""}",3,"Admin",3,"Design d'intérieur virtuel",3,NULL,"Design d'intérieur virtuel","Design d'intérieur virtuel",5,"Services","CONF","Confirmé","2025-03-18 15:43:54.325641","2025-02-18 15:44:00.651812","1800.00","1800.00"
1,"IT4Logs",20,"S00020",8,"Joel Willis","858 Lynn Street",NULL,"Bayonne","07002",33,"New Jersey",233,"{""en_US"": ""United States"", ""fr_FR"": ""États-Unis""}",3,"Admin",4,"Virtual Home Staging",4,NULL,"Virtual Home Staging","Virtual Home Staging",5,"Services","CONF","Confirmé","2025-03-18 15:43:54.325641","2025-02-18 15:44:00.651812","1147.50","1147.50"
1,"IT4Logs",19,"S00019",8,"Joel Willis","858 Lynn Street",NULL,"Bayonne","07002",33,"New Jersey",233,"{""en_US"": ""United States"", ""fr_FR"": ""États-Unis""}",3,"Admin",6,"Lampe de bureau",6,"FURN_8888","Lampe de bureau","[FURN_8888] Lampe de bureau",8,"Office Furniture","ENV","Envoyé","2025-03-18 15:43:54.325641","2025-02-18 15:44:00","725.00","725.00"
1,"IT4Logs",7,"S00007",11,"Gemini Furniture","317 Fairchild Dr",NULL,"Fairfield","94535",13,"California",233,"{""en_US"": ""United States"", ""fr_FR"": ""États-Unis""}",3,"Admin",27,"Canapé trois places",35,"FURN_8999","Canapé trois places","[FURN_8999] Canapé trois places
Canapé trois places avec chaise longue de couleur gris acier",8,"Office Furniture","CONF","Confirmé","2025-03-18 15:43:54.325641","2025-03-18 15:44:00","173.00","173.00"
1,"IT4Logs",3,"S00003",12,"Ready Mat","7500 W Linne Road",NULL,"Tracy","95304",13,"California",233,"{""en_US"": ""United States"", ""fr_FR"": ""États-Unis""}",3,"Admin",5,"Chaise de bureau",5,"FURN_7777","Chaise de bureau","[FURN_7777] Chaise de bureau",8,"Office Furniture","BRO","Brouillon","2025-03-18 15:43:54.325641","2025-03-18 15:43:58","70.00","70.00"
1,"IT4Logs",5,"S00005",10,"Deco Addict","77 Santa Barbara Rd",NULL,"Pleasant Hill","94523",13,"California",233,"{""en_US"": ""United States"", ""fr_FR"": ""États-Unis""}",7,"Marc Demo",6,"Lampe de bureau",6,"FURN_8888","Lampe de bureau","[FURN_8888] Lampe de bureau",8,"Office Furniture","BRO","Brouillon","2025-03-18 15:43:54.325641","2025-02-18 15:43:00","405.00","405.00"
1,"IT4Logs",3,"S00003",12,"Ready Mat","7500 W Linne Road",NULL,"Tracy","95304",13,"California",233,"{""en_US"": ""United States"", ""fr_FR"": ""États-Unis""}",3,"Admin",3,"Design d'intérieur virtuel",3,NULL,"Design d'intérieur virtuel","Design d'intérieur virtuel",5,"Services","BRO","Brouillon","2025-03-18 15:43:54.325641","2025-03-18 15:43:58","307.50","307.50"
